OBJECTID,GEO_ID_TRT,FEATURE_ID,TRACT_LBL,LOGRECNO,ESL_Score,Income_Score,RE_Score,TotalScore,WeightedTotal333333,Population,NumberofESL,PercentESL,MedianHouseholdIncome,NumberofPOC,PercentPOC,Shape_Length,Shape_Area
1,53033001701,11040,Tract 001701,4657,2,4,2,8,2.66666667,4004,207,5.16983017,69190,1210,30.21978022,17164.4546404211,9609050.92990572
2,53033001702,11108,Tract 001702,4658,2,4,2,8,2.66666667,4832,271,5.60844371,69177,1217,25.18625828,17476.4063853954,13779297.5953778
3,53033001800,11157,Tract 001800,4659,3,3,2,8,2.66666667,5380,536,9.96282528,89260,1760,32.71375465,14228.9888767384,10131535.2069485
4,53033001600,45777,Tract 001600,4656,1,2,1,4,1.33333333,4603,69,1.49902238,117250,793,17.22789485,23906.3088116313,21045602.524889
5,53033001500,45707,Tract 001500,4655,1,3,1,5,1.66666667,2548,35,1.37362637,96019,279,10.94976452,14232.9364565296,12428020.6444954
6,53033001400,45775,Tract 001400,4654,1,4,2,7,2.33333333,5550,233,4.1981982,71144,1460,26.30630631,31791.8149433521,23168932.044722
7,53033001300,10810,Tract 001300,4653,3,4,3,10,3.33333333,4468,584,13.07072516,70764,1981,44.33751119,15158.9053182016,12758866.6853537
8,53033001200,10749,Tract 001200,4652,4,5,3,12,4,7024,1201,17.09851936,46358,2857,40.67482916,20850.9670045026,19739929.153537
9,53033001900,11222,Tract 001900,4660,2,4,2,8,2.66666667,4777,395,8.26878794,75652,1333,27.9045426,21128.6194335469,17904663.9747457
10,53033002600,44122,Tract 002600,4666,1,3,1,5,1.66666667,5061,86,1.69926892,106193,968,19.12665481,15936.1370582708,13398377.354172
11,53033002000,44184,Tract 002000,4661,1,3,1,5,1.66666667,3814,58,1.52071316,95469,654,17.14735186,15511.743696632,12183652.4422286
12,53033002100,11332,Tract 002100,4662,2,3,1,6,2,4210,372,8.83610451,95515,966,22.94536817,16139.9210115851,14696753.7449655
13,53033002200,45770,Tract 002200,4663,1,1,1,3,1,5764,179,3.1054823,144318,1299,22.53643303,32855.3342037262,29722830.1055591
14,53033002400,11471,Tract 002400,4664,1,2,1,4,1.33333333,3180,88,2.7672956,109402,595,18.71069182,14063.4138776628,10538770.8640533
15,53033002500,11521,Tract 002500,4665,1,2,1,4,1.33333333,3316,41,1.23642943,107401,596,17.973462,16442.9684016844,10594623.2440513
16,53033002700,11710,Tract 002700,4667,2,2,2,6,2,6155,294,4.77660439,121807,1589,25.81640942,24129.0791720174,17154146.1780026
17,53033002800,11773,Tract 002800,4668,1,2,1,4,1.33333333,4854,89,1.83353935,119875,724,14.91553358,13187.7124890333,10584443.844123
18,53033002900,11836,Tract 002900,4669,1,3,1,5,1.66666667,4744,54,1.13827993,104375,661,13.93338954,13366.3195076513,10614773.7722898
19,53033003000,11932,Tract 003000,4670,1,3,1,5,1.66666667,5940,81,1.36363636,100500,1162,19.56228956,16061.9476208665,16072222.008972
20,53033003100,44999,Tract 003100,4671,1,3,1,5,1.66666667,6457,127,1.96685767,104934,837,12.96267617,26506.2563822725,23537276.3840022
21,53033001100,10684,Tract 001100,4651,2,4,2,8,2.66666667,2791,178,6.37764242,78542,772,27.6603368,14316.8853745088,11413493.0803307
22,53033001000,10643,Tract 001000,4650,3,3,2,8,2.66666667,1982,215,10.84762866,103750,659,33.24924319,13304.7244257585,10273001.5844437
23,53033000900,45773,Tract 000900,4649,1,2,1,4,1.33333333,1972,59,2.99188641,135625,423,21.45030426,29802.9795868466,10244381.152157
24,53033004100,44477,Tract 004100,4680,2,1,1,4,1.33333333,7920,432,5.45454545,168415,1443,18.21969697,36235.544586964,34345661.4564063
25,53033000800,10576,Tract 000800,4648,1,3,1,5,1.66666667,2582,119,4.60883036,97344,473,18.31913246,15396.7221470429,12287102.9559622
26,53033000700,10540,Tract 000700,4647,3,5,3,11,3.66666667,4854,532,10.96003296,52957,2295,47.28059333,16213.5403292295,13934783.1790779
27,53033000600,45136,Tract 000600,4646,3,4,3,10,3.33333333,8061,1001,12.41781417,61536,3012,37.36509118,31707.3871545186,41308522.3798174
28,53033000500,45704,Tract 000500,4645,1,2,1,4,1.33333333,3052,127,4.16120577,135524,605,19.82306684,27182.1303361708,30555892.3939534
29,53033000402,10324,Tract 000402,4644,1,4,1,6,2,5300,162,3.05660377,64972,1159,21.86792453,21397.1748866676,19362168.1758088
30,53033000401,10252,Tract 000401,4643,3,5,3,11,3.66666667,6721,684,10.17705699,32568,3128,46.54069335,15767.2974601042,14678461.6380254
31,53033000300,10221,Tract 000300,4642,2,4,2,8,2.66666667,2822,157,5.56343019,73098,742,26.29340893,17267.970371231,13028874.3067242
32,53033000200,10153,Tract 000200,4641,3,4,3,10,3.33333333,7973,1306,16.38028346,67397,2930,36.74902797,24111.6458350787,35371060.604883
33,53033000100,45352,Tract 000100,4640,3,5,3,11,3.66666667,7963,878,11.02599523,50030,3666,46.0379254,19731.6207490065,19903611.9525652
34,53033003300,12276,Tract 003300,4673,1,3,1,5,1.66666667,6987,143,2.04665808,99547,1249,17.87605553,16129.680347286,13953160.7702704
35,53033003400,12329,Tract 003400,4674,1,3,1,5,1.66666667,3661,42,1.14722753,102105,559,15.26905217,12629.32225818,8472322.06273774
36,53033003500,12430,Tract 003500,4675,1,3,1,5,1.66666667,4051,95,2.34509998,90066,637,15.72451247,16626.8959333848,13828396.9343724
37,53033003600,12556,Tract 003600,4676,1,4,2,7,2.33333333,6631,108,1.62871362,69408,1606,24.21957472,17830.3508024536,12878338.2482995
38,53033003800,12590,Tract 003800,4677,1,3,1,5,1.66666667,2151,94,4.37006044,99722,459,21.33891213,10392.5315540854,6722791.39419681
39,53033003200,45783,Tract 003200,4672,1,4,1,6,2,8504,112,1.31702728,79141,1477,17.36829727,37416.6336786995,26233079.4261482
40,53033003900,12637,Tract 003900,4678,1,2,1,4,1.33333333,3034,120,3.95517469,109659,698,23.00593276,13200.9092050795,10481334.9800472
41,53033004000,44566,Tract 004000,4679,1,4,2,7,2.33333333,3198,97,3.03314572,76250,984,30.76923077,28048.8611486542,26608196.8979995
42,53033005100,13841,Tract 005100,4691,1,3,1,5,1.66666667,3678,137,3.72485046,105580,637,17.31919521,13462.5907309245,9490140.45375941
43,53033005200,13939,Tract 005200,4692,2,5,3,10,3.33333333,7041,456,6.47635279,41847,3179,45.14983667,15363.2006540394,10773553.3510642
44,53033005301,13977,Tract 005301,4693,3,5,4,12,4,7792,1109,14.2325462,20401,4066,52.18172485,11330.9224747662,5849660.44940252
45,53033004200,45266,Tract 004200,4681,1,2,1,4,1.33333333,8458,322,3.80704658,129226,1762,20.83234807,26798.3570860741,26582372.2793421
46,53033004301,13048,Tract 004301,4682,1,3,2,6,2,3644,147,4.03402854,85357,1053,28.89681668,20069.2531464033,10479494.0070288
47,53033004302,13072,Tract 004302,4683,3,5,3,11,3.66666667,3854,511,13.25895174,26886,1680,43.59107421,8012.17724016527,3559581.20135085
48,53033004400,13155,Tract 004400,4684,1,5,2,8,2.66666667,7314,234,3.19934372,56725,2144,29.31364506,13317.8982382651,10654593.194877
49,53033004500,13198,Tract 004500,4685,1,2,1,4,1.33333333,3157,44,1.39372822,108304,660,20.90592334,11110.6076483916,7221557.54192864
50,53033004600,13258,Tract 004600,4686,1,2,1,4,1.33333333,3674,80,2.17746326,125547,406,11.05062602,25514.2239279817,27829364.3469402
51,53033004700,13419,Tract 004700,4687,1,4,1,6,2,8649,281,3.24893051,79162,1904,22.01410568,33009.9588896704,23835238.3181394
52,53033004800,13552,Tract 004800,4688,1,2,1,4,1.33333333,5136,58,1.12928349,112328,836,16.27725857,18855.154183416,14410731.0820954
53,53033004900,13672,Tract 004900,4689,1,4,1,6,2,7429,105,1.41338,77075,956,12.86848836,18431.1835040505,11869855.2806964
54,53033005000,13769,Tract 005000,4690,1,4,1,6,2,4194,116,2.76585598,79980,859,20.48164044,11560.1479170528,8151935.3709806
55,53033005802,44664,Tract 005802,4699,1,4,2,7,2.33333333,5680,180,3.16901408,73836,1645,28.96126761,52805.5389556379,33807614.0833899
56,53033007100,15902,Tract 007100,4712,2,4,2,8,2.66666667,4521,231,5.10948905,81454,1587,35.10285335,16218.7564680519,9048092.7025205
57,53033007200,16021,Tract 007200,4713,1,3,3,7,2.33333333,8862,236,2.66305574,98324,3829,43.20695103,16545.737202554,10873991.2470358
58,53033007300,16119,Tract 007300,4714,2,3,3,8,2.66666667,6613,347,5.24724028,94326,2864,43.30863451,14267.0491513,9967413.5989955
59,53033007401,16152,Tract 007401,4715,1,4,2,7,2.33333333,5192,98,1.88751926,65217,1565,30.14252696,8333.34866458729,2791879.97390166
60,53033007402,16180,Tract 007402,4716,2,5,2,9,3,5362,363,6.76986199,51225,1691,31.53674002,7060.43646651386,2683134.73989683
61,53033007500,16254,Tract 007500,4717,1,4,2,7,2.33333333,8753,308,3.51879356,65396,2400,27.41917057,13220.7361357883,8629524.44537263
62,53033007600,16297,Tract 007600,4718,1,4,2,7,2.33333333,4257,165,3.87596899,74688,1078,25.32299742,9906.36767251103,6155374.19525692
63,53033007700,16387,Tract 007700,4719,2,2,2,6,2,5308,280,5.27505652,113198,1619,30.50113037,15242.2097595408,11391208.2196118
64,53033005900,43999,Tract 005900,4700,1,3,1,5,1.66666667,7975,101,1.26645768,103369,1676,21.01567398,23499.8734576975,20699539.3466969
65,53033006000,44571,Tract 006000,4701,1,3,1,5,1.66666667,5785,39,0.6741573,101680,1161,20.06914434,26816.2849017205,15806299.7778931
66,53033005302,44982,Tract 005302,4694,3,5,4,12,4,4717,579,12.2747509,10521,2618,55.50137799,38152.1251246298,28904073.2994375
67,53033005400,44121,Tract 005400,4695,1,3,1,5,1.66666667,5683,46,0.80943164,95703,1197,21.06281893,33382.2799554765,24853587.572026
68,53033005600,14373,Tract 005600,4696,1,1,1,3,1,6875,121,1.76,167368,1095,15.92727273,30640.8234515356,32604796.4822966
69,53033005700,45784,Tract 005700,4697,1,2,1,4,1.33333333,6816,99,1.45246479,111974,1327,19.46889671,49063.392411732,54411359.8514408
70,53033005801,44389,Tract 005801,4698,1,4,2,7,2.33333333,5344,210,3.92964072,75523,1303,24.38248503,23916.1704814606,22814585.3288436
71,53033006100,45268,Tract 006100,4702,1,3,1,5,1.66666667,5316,155,2.91572611,104521,1019,19.16854778,26727.8597226007,15979179.9875506
72,53033006200,44466,Tract 006200,4703,1,1,1,3,1,4416,47,1.06431159,160625,794,17.98007246,51694.2684551468,27355000.874345
73,53033006600,15508,Tract 006600,4707,1,3,2,6,2,4092,60,1.46627566,88854,1063,25.97751711,30668.7355958185,20977709.3207574
74,53033006700,15615,Tract 006700,4708,2,3,2,7,2.33333333,8688,497,5.72053407,106143,2723,31.34208103,19797.8175505248,14258559.9674712
75,53033006800,15677,Tract 006800,4709,1,2,1,4,1.33333333,3308,80,2.41837969,117067,505,15.26602177,11275.3764903621,7729232.8538509
76,53033006900,15772,Tract 006900,4710,1,2,1,4,1.33333333,4964,16,0.32232071,109792,645,12.99355359,15642.2151332348,9718133.96111107
77,53033007000,15859,Tract 007000,4711,1,4,1,6,2,7329,3,0.04093328,73317,1398,19.0749079,13474.4154379508,8679917.39038916
78,53033006300,45269,Tract 006300,4704,1,2,1,4,1.33333333,5510,195,3.53901996,134811,699,12.68602541,26242.2192329712,24781661.1356756
79,53033006400,15375,Tract 006400,4705,1,1,1,3,1,3575,47,1.31468531,162532,569,15.91608392,13186.7481972123,9726717.99524461
80,53033006500,43907,Tract 006500,4706,1,3,1,5,1.66666667,4807,35,0.72810485,96220,894,18.59787809,17921.7883646748,12352215.1298322
81,53033007800,43465,Tract 007800,4720,1,1,2,4,1.33333333,5875,72,1.22553191,155848,1574,26.79148936,29510.7719461424,22398900.9701145
82,53033009500,44328,Tract 009500,4738,3,3,3,9,3,6614,641,9.69156335,100714,2412,36.46809797,30758.7314904948,27504003.001737
83,53033009600,45825,Tract 009600,4739,1,3,1,5,1.66666667,5783,170,2.9396507,92888,1008,17.43039945,22445.7288474302,19951187.5279738
84,53033007900,16596,Tract 007900,4721,1,4,2,7,2.33333333,6339,282,4.44865121,76652,1711,26.99163906,11649.1729743963,7517976.14091852
85,53033008001,16660,Tract 008001,4722,1,3,3,7,2.33333333,6538,120,1.83542368,98250,2747,42.01590701,16575.2350607895,4826150.70959199
86,53033008002,16686,Tract 008002,4723,1,5,2,8,2.66666667,3744,158,4.22008547,55136,1301,34.74893162,8018.04102631142,2466423.83387507
87,53033008100,45694,Tract 008100,4724,2,4,3,9,3,4872,250,5.13136289,79800,1842,37.80788177,15027.5229397182,8435424.60742954
88,53033008200,16868,Tract 008200,4725,2,4,2,8,2.66666667,4212,349,8.28584995,79167,1423,33.78442545,9698.29878118098,3947044.32345219
89,53033008300,16894,Tract 008300,4726,2,4,2,8,2.66666667,3087,154,4.98866213,61058,894,28.96015549,9121.89102591632,2555783.89720729
90,53033008400,16939,Tract 008400,4727,2,5,2,9,3,4530,239,5.27593819,52066,1432,31.61147903,10071.6259021311,4124539.35450112
91,53033008500,16992,Tract 008500,4728,3,5,4,12,4,4296,607,14.12942272,38713,2102,48.9292365,9952.0184172984,5097941.08113404
92,53033008600,17053,Tract 008600,4729,3,5,3,11,3.66666667,5300,588,11.09433962,50774,2305,43.49056604,11738.2079894797,7656688.68044252
93,53033009200,17440,Tract 009200,4735,4,5,4,13,4.33333333,2869,497,17.3231091,21868,1622,56.53537818,10724.6854406337,3286906.48304776
94,53033009300,44296,Tract 009300,4736,4,4,4,12,4,2665,502,18.83677298,74696,1326,49.75609756,48160.3719664825,106774935.584427
95,53033009400,17934,Tract 009400,4737,4,4,5,13,4.33333333,6754,1404,20.78768137,65633,4797,71.02457803,19268.3852561977,18546347.8185326
96,53033008700,17110,Tract 008700,4730,2,4,3,9,3,4727,425,8.99090332,69583,2197,46.4776814,11432.3841781368,7883047.66431558
97,53033008800,17182,Tract 008800,4731,1,3,3,7,2.33333333,4236,164,3.87157696,95455,1784,42.11520302,13202.5266635555,10210023.8216424
98,53033008900,45125,Tract 008900,4732,1,3,4,8,2.66666667,5729,137,2.39134229,87250,2884,50.34037354,18898.9802597138,13662012.959385
99,53033009000,17350,Tract 009000,4733,4,5,5,14,4.66666667,3675,770,20.95238095,47428,2343,63.75510204,13601.1893800747,8833942.56017015
100,53033009100,17388,Tract 009100,4734,5,5,5,15,5,2420,1314,54.29752066,31250,1912,79.00826446,10577.2433790541,4508100.51433941
101,53033009701,45831,Tract 009701,4740,1,3,1,5,1.66666667,6254,137,2.19059802,106821,1349,21.57019508,29377.0780400732,19048103.2214189
102,53033009702,18478,Tract 009702,4741,1,2,1,4,1.33333333,5551,75,1.35110791,114741,955,17.20410737,28408.5547466492,23871779.8644492
103,53033009800,18604,Tract 009800,4742,1,3,1,5,1.66666667,7326,161,2.1976522,105110,1143,15.6019656,19647.3666991793,20780583.4267109
104,53033009900,45693,Tract 009900,4743,1,4,2,7,2.33333333,5675,239,4.21145374,75000,1451,25.56828194,53084.3122952427,80297588.9949347
105,53033010001,44925,Tract 010001,4744,4,4,5,13,4.33333333,4276,1143,26.73058934,67292,2790,65.24789523,25228.6807074063,24909074.8350187
106,53033010002,18928,Tract 010002,4745,5,4,4,13,4.33333333,4817,1329,27.58978617,70048,2941,61.0545983,14049.2910188829,10206586.75927
107,53033011002,20130,Tract 011002,4758,5,5,5,15,5,4957,2206,44.50272342,51031,4572,92.23320557,23241.79287665,18054420.2273433
108,53033010100,44791,Tract 010100,4746,2,4,5,11,3.66666667,8025,600,7.47663551,64161,5068,63.15264798,26879.9652070717,26695927.4924663
109,53033010200,43942,Tract 010200,4747,2,3,3,8,2.66666667,4570,396,8.66520788,99483,1706,37.33041575,33275.3862805572,30001440.3638795
110,53033010300,19300,Tract 010300,4748,3,4,4,11,3.66666667,7084,1034,14.59627329,60444,4304,60.75663467,18942.4942489221,17853481.3432577
111,53033010401,19359,Tract 010401,4749,5,5,5,15,5,4303,1922,44.66651174,58342,3502,81.38508018,17272.8099728603,17403377.5564662
112,53033010402,19464,Tract 010402,4750,5,4,5,14,4.66666667,4938,1686,34.14337789,75972,3674,74.40259214,20654.4464848102,19319332.4137507
113,53033010500,19557,Tract 010500,4751,2,4,1,7,2.33333333,7468,363,4.86073915,77760,1612,21.58543117,19150.9737793278,18491098.0571462
114,53033010600,45141,Tract 010600,4752,1,3,1,5,1.66666667,8328,246,2.95389049,90306,1945,23.35494717,29945.9162378593,27180404.3576081
115,53033010701,19720,Tract 010701,4753,3,4,4,11,3.66666667,3736,466,12.4732334,62826,2089,55.91541756,22693.9284410686,15671058.1048434
116,53033010702,19768,Tract 010702,4754,4,5,5,14,4.66666667,4600,810,17.60869565,41416,3244,70.52173913,16304.4071509256,8434881.61033972
117,53033010800,44792,Tract 010800,4755,2,3,4,9,3,4970,399,8.02816901,85885,2610,52.51509054,35250.6538121646,47785828.5464355
118,53033010900,45351,Tract 010900,4756,1,5,1,7,2.33333333,1045,17,1.62679426,58611,221,21.14832536,38479.9898395563,54515163.848576
119,53033011001,20044,Tract 011001,4757,5,5,5,15,5,4697,1696,36.10815414,24725,4031,85.82073664,16677.3074380971,11501171.8256272
120,53033011402,44908,Tract 011402,4764,4,5,4,13,4.33333333,4371,843,19.28620453,50377,2457,56.21139327,17329.3512466386,12768703.1410856
121,53033011101,44227,Tract 011101,4759,5,5,5,15,5,5450,1724,31.63302752,52311,4359,79.98165138,15560.3341363196,12382188.3212278
122,53033011102,45270,Tract 011102,4760,4,4,4,12,4,4480,876,19.55357143,73214,2589,57.79017857,20827.4316509165,13988756.0586936
123,53033011200,45690,Tract 011200,4761,4,5,5,14,4.66666667,3719,735,19.76337725,35120,2476,66.57703684,31159.23797667,32326681.7404328
124,53033011300,20446,Tract 011300,4762,3,5,4,12,4,7054,852,12.07825347,55000,3838,54.40884604,26385.4744931665,34452366.1226848
125,53033011401,20487,Tract 011401,4763,3,4,4,11,3.66666667,4253,684,16.08276511,62090,2475,58.19421585,17478.0591080569,13273349.5763795
126,53033011500,20631,Tract 011500,4765,2,3,1,6,2,4421,259,5.85840308,90701,1001,22.64193621,19887.3089363423,16558652.752893
127,53033011600,45789,Tract 011600,4766,1,3,1,5,1.66666667,6899,83,1.20307291,103835,962,13.94404986,31996.8000444484,33466139.007871
128,53033020500,21574,Tract 020500,4777,2,4,3,9,3,6608,571,8.64104116,65477,2591,39.21004843,23297.4531210128,29259808.0768517
129,53033020600,43427,Tract 020600,4778,3,3,2,8,2.66666667,3691,441,11.94798158,84233,1295,35.08534273,19099.4656348252,21302611.555066
130,53033020700,21664,Tract 020700,4779,3,4,4,11,3.66666667,3834,487,12.70213876,67262,1863,48.5915493,18658.1769877492,18417565.5090718
131,53033020800,43906,Tract 020800,4780,1,3,1,5,1.66666667,4329,183,4.22730423,105841,862,19.91221991,34712.9699154401,33440440.8276684
132,53033020900,45144,Tract 020900,4781,2,3,2,7,2.33333333,3664,270,7.36899563,85806,1216,33.18777293,32081.1796492646,51119903.7192151
133,53033021000,44770,Tract 021000,4782,2,3,3,8,2.66666667,5842,427,7.30914071,83685,2506,42.8962684,21242.4904402329,28200449.9844549
134,53033021100,21898,Tract 021100,4783,3,4,3,10,3.33333333,4562,666,14.59886015,75694,2036,44.62954844,21286.8090002176,28233814.6563627
135,53033011700,43127,Tract 011700,4767,5,4,5,14,4.66666667,5679,1756,30.92093678,79211,5023,88.44867054,30744.3120124643,37807977.8903509
136,53033011800,45271,Tract 011800,4768,4,5,5,14,4.66666667,8415,2307,27.41532977,49264,6730,79.97623292,26786.1585348757,25028066.0153397
137,53033011900,45832,Tract 011900,4769,3,3,5,11,3.66666667,7597,1139,14.9927603,86603,5776,76.03001185,43945.1459738169,33882672.9715582
138,53033012000,21156,Tract 012000,4770,1,3,1,5,1.66666667,3615,38,1.05117566,100855,808,22.35131397,17328.2914744472,15580719.7759291
139,53033012100,43668,Tract 012100,4771,1,2,2,5,1.66666667,2663,97,3.64250845,115000,633,23.770184,25607.8460399999,18295730.6003526
140,53033020100,45273,Tract 020100,4772,1,3,1,5,1.66666667,3172,94,2.96343001,106708,567,17.87515763,18813.6474557483,18853037.8502334
141,53033020200,21322,Tract 020200,4773,2,4,1,7,2.33333333,5189,299,5.76218925,79882,1182,22.77895548,21955.6995270665,27888045.0912251
142,53033020300,43490,Tract 020300,4774,3,4,3,10,3.33333333,7065,909,12.86624204,64593,3063,43.35456476,21164.6802428127,28010522.9689312
143,53033020401,21453,Tract 020401,4775,3,4,2,9,3,3592,407,11.33073497,71016,922,25.66815145,25193.2188014961,24893375.0473942
144,53033020402,21509,Tract 020402,4776,1,4,2,7,2.33333333,5601,193,3.44581325,81595,1497,26.72737011,25245.2542683327,29988593.0315256
145,53033021400,45794,Tract 021400,4785,1,3,1,5,1.66666667,3956,60,1.51668352,106058,792,20.02022245,33330.3491628277,33675635.0030455
146,53033022201,45085,Tract 022201,4802,1,3,1,5,1.66666667,4431,199,4.49108553,98313,990,22.34258632,22882.6485695785,24651709.9869847
147,53033021500,45791,Tract 021500,4786,1,2,1,4,1.33333333,4365,89,2.03894616,121550,878,20.11454754,29998.3926015318,37723585.1402401
148,53033021300,21967,Tract 021300,4784,2,4,2,8,2.66666667,4114,268,6.51434127,76750,1309,31.81818182,25419.6366262086,18817841.3093768
149,53033022102,45148,Tract 022102,4801,2,3,2,7,2.33333333,6461,541,8.37331682,104053,1787,27.65825724,37513.1146329079,50146640.5568461
150,53033021600,22197,Tract 021600,4787,2,2,2,6,2,5005,398,7.95204795,108708,1321,26.39360639,29968.9551057117,31060758.01885
151,53033021700,45145,Tract 021700,4788,3,4,2,9,3,8831,899,10.18004756,78634,2903,32.87283433,42285.457796324,61011345.8610874
152,53033021802,45033,Tract 021802,4789,2,3,2,7,2.33333333,5539,508,9.17133057,89276,1735,31.32334356,32944.2082710951,52867032.6589348
153,53033022604,23923,Tract 022604,4809,2,2,2,6,2,4895,307,6.27170582,108125,1543,31.52196118,25893.2397216486,31954657.9062977
154,53033021803,45712,Tract 021803,4790,2,4,2,8,2.66666667,4904,267,5.44453507,78699,1427,29.09869494,32851.3671420538,35252088.7027019
155,53033021804,45164,Tract 021804,4791,2,4,2,8,2.66666667,5097,430,8.4363351,77188,1592,31.23405925,26625.3081253229,33144001.9074027
156,53033021906,45060,Tract 021906,4795,3,4,2,9,3,4259,476,11.17633247,78458,1325,31.11058934,34762.2189066916,41097598.8441152
157,53033022202,43199,Tract 022202,4803,2,3,2,7,2.33333333,7245,544,7.50862664,103253,2234,30.83505866,29128.1917619408,28134443.1305392
158,53033022203,43751,Tract 022203,4804,2,2,1,5,1.66666667,5038,243,4.8233426,126458,954,18.93608575,30970.9330402276,33519452.3008922
159,53033022500,45167,Tract 022500,4807,1,2,1,4,1.33333333,8438,217,2.57169945,117500,1883,22.31571462,43551.6792006673,40215658.958779
160,53033022603,43886,Tract 022603,4808,2,2,2,6,2,5691,386,6.78263925,114441,2030,35.6703567,27913.688980152,31166492.3122986
161,53033022300,44764,Tract 022300,4805,1,1,1,3,1,2647,80,3.02228938,156094,485,18.32262939,40723.8181994667,55352893.0941817
162,53033021903,44704,Tract 021903,4792,2,3,2,7,2.33333333,6153,351,5.70453437,86706,1500,24.37835202,31566.2519608578,33869775.4328419
163,53033021904,22721,Tract 021904,4793,3,3,3,9,3,4969,781,15.71744818,94167,2106,42.38277319,31358.3233767888,36931423.2527955
164,53033021905,44991,Tract 021905,4794,2,3,2,7,2.33333333,5588,477,8.53614889,89349,1808,32.35504653,32505.0006484184,28929103.7720353
165,53033022001,45711,Tract 022001,4796,2,3,2,7,2.33333333,5376,248,4.61309524,95368,1504,27.97619048,34289.2082521526,47357870.7061269
166,53033022003,43599,Tract 022003,4797,2,3,2,7,2.33333333,4831,287,5.94079901,100606,1677,34.71330987,20542.8405927537,24965529.0682437
167,53033022005,44675,Tract 022005,4798,2,4,2,8,2.66666667,5076,354,6.97399527,82582,1679,33.07722616,23561.5931861795,26025780.6563778
168,53033022006,44189,Tract 022006,4799,3,3,2,8,2.66666667,4085,546,13.36597307,88443,1193,29.20440636,25304.9899122444,15406441.6812147
169,53033022101,42894,Tract 022101,4800,2,2,1,5,1.66666667,4662,233,4.997855,112361,784,16.81681682,34732.2951890455,38230854.3167845
170,53033022400,45274,Tract 022400,4806,1,2,1,4,1.33333333,8459,196,2.31705875,117135,1530,18.08724436,35602.0122920539,49497885.8783434
171,53033022703,24219,Tract 022703,4814,2,2,2,6,2,2392,157,6.56354515,110625,697,29.13879599,27968.2693005682,45273377.7277558
172,53033022801,45059,Tract 022801,4815,4,3,5,12,4,8719,1648,18.90125014,87102,5459,62.6103911,31474.7836909995,52342054.62063
173,53033022802,44425,Tract 022802,4816,2,2,3,7,2.33333333,5030,413,8.21073559,123561,1847,36.71968191,22533.4092555736,28604228.7782253
174,53033022803,44234,Tract 022803,4817,3,2,5,10,3.33333333,5556,871,15.67674586,111337,3525,63.44492441,31451.0778490752,51369914.4404698
175,53033022605,45168,Tract 022605,4810,4,3,3,10,3.33333333,6217,1196,19.23757439,85895,2774,44.61959144,38535.3136857607,50881187.0030277
176,53033022606,45279,Tract 022606,4811,4,2,3,9,3,5653,935,16.53989032,112656,2059,36.42313816,22855.1049647916,29995889.9654325
177,53033022701,45069,Tract 022701,4812,2,2,2,6,2,2923,207,7.08176531,118476,808,27.64283271,29296.5649252495,15920767.3887852
178,53033022901,24472,Tract 022901,4818,3,2,3,8,2.66666667,2963,333,11.23860952,119375,1266,42.72696591,19263.5045018259,15975555.7459258
179,53033022702,45280,Tract 022702,4813,1,2,1,4,1.33333333,4153,106,2.55237178,132005,790,19.02239345,23204.0030033061,26422304.9997095
180,53033023500,25063,Tract 023500,4828,3,2,3,8,2.66666667,3740,428,11.44385027,132569,1618,43.26203209,24402.8453375567,24331819.17351
181,53033023601,45796,Tract 023601,4829,4,3,4,11,3.66666667,4042,797,19.71796141,98472,2162,53.48837209,29643.9208114517,50076811.3933958
182,53033023603,45795,Tract 023603,4830,4,3,5,12,4,6657,1448,21.75153973,92703,4228,63.51209253,19174.1630793939,21553878.8265829
183,53033023604,44135,Tract 023604,4831,4,4,4,12,4,6744,1477,21.90094899,73228,3943,58.46678529,27875.2742338482,31386036.9323087
184,53033023700,44833,Tract 023700,4832,2,2,3,7,2.33333333,4322,268,6.20083295,114000,1603,37.0893105,45358.5909751549,81318118.7349506
185,53033023801,45070,Tract 023801,4833,3,3,4,10,3.33333333,2749,364,13.24117861,94444,1420,51.65514733,34294.1355741801,40212364.7009977
186,53033023803,25444,Tract 023803,4834,3,3,4,10,3.33333333,5319,659,12.38954691,105223,3052,57.37920662,12024.678751536,6070337.1013246
187,53033023804,25491,Tract 023804,4835,3,2,4,9,3,6841,801,11.7088145,111068,3303,48.28241485,17244.4188282932,13141562.0280981
188,53033022902,45169,Tract 022902,4819,2,1,3,6,2,6490,550,8.47457627,147391,2464,37.96610169,41087.0349870685,36843543.5496724
189,53033023000,45149,Tract 023000,4820,2,2,2,6,2,5179,446,8.6117011,125729,1529,29.52307395,38499.3410439338,35605221.1568241
190,53033023100,45134,Tract 023100,4821,3,3,3,9,3,4046,459,11.34453782,103795,1719,42.48640633,40703.406743311,27171576.5716561
191,53033023900,45170,Tract 023900,4836,3,1,2,6,2,7179,838,11.67293495,150675,2275,31.68965037,76706.3332824245,50807500.0412491
192,53033024901,45047,Tract 024901,4848,3,2,4,9,3,5084,657,12.92289536,136736,2585,50.84579072,32487.6157997266,33518862.4001477
193,53033024902,26801,Tract 024902,4849,2,1,4,7,2.33333333,4043,257,6.35666584,152933,1922,47.53895622,27975.6912981138,21849857.5870299
194,53033023201,42670,Tract 023201,4822,4,3,5,12,4,6885,1314,19.08496732,91010,4792,69.60058097,18584.0109567641,17111708.5622499
195,53033023202,43741,Tract 023202,4823,5,5,5,15,5,4605,1347,29.25081433,58862,2985,64.82084691,18211.6586399395,15829365.2271556
196,53033023300,24809,Tract 023300,4824,3,4,2,9,3,6534,1038,15.88613407,74250,2334,35.72084481,28242.6455744107,41314729.4564689
197,53033023401,42605,Tract 023401,4825,3,4,4,11,3.66666667,3821,452,11.82936404,81055,1878,49.14943732,29397.1075775864,40257911.4862447
198,53033023403,44673,Tract 023403,4826,3,3,2,8,2.66666667,4119,433,10.51226026,105074,1374,33.35761107,36571.3784024037,35390999.6121797
199,53033023404,44836,Tract 023404,4827,1,1,1,3,1,3436,76,2.21187427,148875,613,17.84051222,28238.1302138363,19295468.8310103
200,53033024000,44369,Tract 024000,4837,3,2,3,8,2.66666667,7817,932,11.92273251,134243,3275,41.89586798,40700.843551388,50221420.5179448
201,53033024100,45334,Tract 024100,4838,2,1,1,4,1.33333333,4838,240,4.96072757,208229,1138,23.52211658,48766.6624188807,47578462.318303
202,53033024200,45285,Tract 024200,4839,2,1,2,5,1.66666667,3212,179,5.57285181,186875,961,29.91905355,36541.205020006,39234263.3789986
203,53033024300,45171,Tract 024300,4840,2,2,2,6,2,8680,513,5.91013825,114821,2693,31.02534562,35427.438111754,44240757.1900227
204,53033025400,42955,Tract 025400,4860,4,5,4,13,4.33333333,7592,1302,17.14963119,51007,4096,53.95152792,21413.5111353581,24784158.5110615
205,53033025500,27874,Tract 025500,4861,4,5,4,13,4.33333333,4957,1186,23.92576155,56591,2818,56.84890054,17925.8273247655,16392476.8958832
206,53033024400,45748,Tract 024400,4841,1,3,2,6,2,2913,120,4.11946447,86172,911,31.2736011,23333.7402392892,17834924.8941338
207,53033024500,45746,Tract 024500,4842,1,1,2,4,1.33333333,4935,207,4.19452888,177311,1402,28.40932118,38024.5108373419,40701972.9742273
208,53033024601,44371,Tract 024601,4843,1,1,1,3,1,4477,110,2.45700246,181250,990,22.11302211,41912.5262358952,42132397.4694332
209,53033024602,45287,Tract 024602,4844,1,1,1,3,1,3763,99,2.63087962,210491,847,22.50863673,27851.5043776296,30603740.4885966
210,53033024701,42602,Tract 024701,4845,3,3,3,9,3,3992,492,12.3246493,89049,1770,44.33867735,30811.1326286239,29349233.4996406
211,53033024702,45798,Tract 024702,4846,3,2,3,8,2.66666667,7528,776,10.30818278,115104,2831,37.60626993,46669.3567743813,68065194.8497204
212,53033024800,45109,Tract 024800,4847,4,4,4,12,4,5964,1340,22.46814219,81711,3597,60.31187123,42408.6165696753,40640482.0337094
213,53033025200,45797,Tract 025200,4857,3,3,3,9,3,8588,1167,13.58872846,91199,4015,46.75128086,45569.088587669,49367757.7749583
214,53033025301,45107,Tract 025301,4858,3,4,3,10,3.33333333,6525,681,10.43678161,81379,2995,45.90038314,50030.2117441493,39976010.6271008
215,53033025302,44256,Tract 025302,4859,3,5,4,12,4,5360,573,10.69029851,43092,2866,53.47014925,51656.5018504372,42819824.4200843
216,53033024903,42639,Tract 024903,4850,3,1,3,7,2.33333333,7146,1093,15.29527008,159943,3348,46.85138539,48823.0954045772,51852319.2734609
217,53033025001,42932,Tract 025001,4851,2,2,2,6,2,5106,349,6.83509597,123233,1815,35.54641598,43725.25640898,39576090.3070322
218,53033025003,43803,Tract 025003,4852,2,1,3,6,2,6856,547,7.97841307,151797,2811,41.00058343,47815.3444315603,68380572.2163772
219,53033025005,42790,Tract 025005,4853,2,2,3,7,2.33333333,4962,349,7.03345425,112014,2219,44.71987102,54677.7523873959,90358212.2538269
220,53033025006,44835,Tract 025006,4854,2,1,3,6,2,6068,437,7.20171391,149704,2323,38.28279499,77742.0070114435,234969922.597751
221,53033025101,43201,Tract 025101,4855,3,3,4,10,3.33333333,6507,706,10.849854,85296,3199,49.16244045,25996.4425114031,31390436.6401249
222,53033025102,45048,Tract 025102,4856,3,3,4,10,3.33333333,7878,1106,14.03909622,100242,4273,54.23965473,39678.9144161756,67082676.0764293
223,53033025601,44737,Tract 025601,4862,4,4,5,13,4.33333333,5457,1174,21.51365219,71500,3537,64.81583288,28318.0453571904,31147613.3653128
224,53033025602,42681,Tract 025602,4863,3,3,3,9,3,6153,786,12.77425646,106985,2583,41.97952218,39594.1761008077,56003839.2171789
225,53033025701,45172,Tract 025701,4864,3,4,4,11,3.66666667,6004,845,14.0739507,60440,2937,48.91738841,32345.2574890619,40693097.4311101
226,53033025702,45288,Tract 025702,4865,2,3,3,8,2.66666667,3510,175,4.98575499,91941,1381,39.34472934,36384.7886293679,30671055.3798726
227,53033025803,45291,Tract 025803,4866,3,4,5,12,4,4719,677,14.3462598,59464,2946,62.42848061,16727.2833404823,14461368.3457691
228,53033026001,45833,Tract 026001,4870,3,3,5,11,3.66666667,5950,683,11.4789916,86318,3933,66.10084034,34178.9264619396,29560254.9755521
229,53033025804,44624,Tract 025804,4867,3,3,3,9,3,3628,469,12.92723264,83816,1626,44.81808159,35244.0613896417,25586113.8678977
230,53033027500,44968,Tract 027500,4886,4,5,4,13,4.33333333,4926,819,16.62606577,52533,2405,48.8225741,20666.0798210434,23992511.6640667
231,53033025805,43551,Tract 025805,4868,4,4,4,12,4,5084,961,18.90243902,61958,3036,59.71675846,23225.5970031342,26132446.0749785
232,53033025806,28378,Tract 025806,4869,3,4,5,12,4,5086,687,13.50766811,80547,3355,65.9653952,28948.4350591514,33205401.3866741
233,53033027400,43342,Tract 027400,4885,3,4,4,11,3.66666667,4973,693,13.93525035,67103,2733,54.95676654,25002.937248012,35795071.3858852
234,53033026002,28588,Tract 026002,4871,3,5,5,13,4.33333333,8590,1347,15.68102445,55656,6498,75.64610012,37500.2252026033,29474910.1754847
235,53033026100,43761,Tract 026100,4872,3,5,5,13,4.33333333,8310,1314,15.81227437,49104,6656,80.09626955,37919.0630588895,46518887.4017557
236,53033026802,43387,Tract 026802,4880,4,5,5,14,4.66666667,5155,1015,19.68962173,45099,3335,64.69447139,21723.214345334,22113475.2801239
237,53033027000,29458,Tract 027000,4881,4,4,4,12,4,3246,695,21.41096734,59333,1646,50.70856439,19195.4884529846,21431450.3050853
238,53033027100,43787,Tract 027100,4882,3,5,4,12,4,3448,420,12.18097448,43006,1806,52.37819026,21820.3456481982,16867772.8708546
239,53033027200,45689,Tract 027200,4883,4,5,5,14,4.66666667,2608,488,18.71165644,57951,1727,66.21932515,31264.8130372826,36676236.5185752
240,53033027300,44038,Tract 027300,4884,5,5,5,15,5,5846,2148,36.74307219,51309,4151,71.00581594,26173.0070911606,38297641.8637649
241,53033026200,45338,Tract 026200,4873,3,5,4,12,4,5608,751,13.39158345,52636,3110,55.45649073,58579.7402753071,169994703.635448
242,53033026300,45688,Tract 026300,4874,4,4,5,13,4.33333333,1641,327,19.92687386,59297,1328,80.92626447,58499.2675258254,56079916.6224744
243,53033026400,44967,Tract 026400,4875,4,5,5,14,4.66666667,6174,1111,17.99481697,50773,3858,62.48785228,46497.5992052731,54565380.6585671
244,53033026500,29188,Tract 026500,4876,4,5,5,14,4.66666667,4236,1047,24.71671388,32106,2968,70.06610009,27641.5173371245,21467548.5071247
245,53033026600,29229,Tract 026600,4877,4,4,4,12,4,2633,661,25.1044436,64375,1488,56.51348272,15958.4838531995,12489441.5184247
246,53033026700,43670,Tract 026700,4878,2,3,3,8,2.66666667,5251,498,9.48390783,83547,1941,36.96438774,28194.3713768699,32265119.5206435
247,53033026801,29350,Tract 026801,4879,4,5,5,14,4.66666667,5825,1386,23.79399142,45880,4119,70.71244635,22488.5601930798,16623719.0749246
248,53033027800,30232,Tract 027800,4890,1,3,1,5,1.66666667,3404,31,0.9106933,91513,388,11.39835488,29251.9630715114,26996803.4040471
249,53033027900,42539,Tract 027900,4891,2,4,3,9,3,8123,658,8.1004555,61949,3510,43.21063646,27007.7388851863,37799202.8575686
250,53033028000,42571,Tract 028000,4892,4,5,5,14,4.66666667,4398,931,21.16871305,47006,3182,72.35106867,24336.8283035321,20374742.7930999
251,53033028100,30460,Tract 028100,4893,5,5,5,15,5,2693,941,34.94244337,54917,2127,78.98254734,21043.3674066723,18604383.8882577
252,53033028200,44609,Tract 028200,4894,5,5,5,15,5,5005,1462,29.21078921,44632,3711,74.14585415,23669.4534247394,28937452.5014296
253,53033028300,45190,Tract 028300,4895,3,4,4,11,3.66666667,5143,549,10.67470348,79561,2996,58.25393739,62961.1513124977,90031908.6073375
254,53033028402,44880,Tract 028402,4896,4,5,5,14,4.66666667,5090,930,18.27111984,45000,3631,71.33595285,47046.8853103809,90686446.1809918
255,53033028403,44610,Tract 028403,4897,4,5,5,14,4.66666667,5362,1139,21.24207385,35985,3498,65.23685192,19304.8992900428,22811341.2430698
256,53033027600,44590,Tract 027600,4887,4,4,4,12,4,4818,950,19.7177252,72132,2347,48.71315899,37953.2302094999,29111931.3029163
257,53033027701,45756,Tract 027701,4888,1,4,1,6,2,4890,68,1.39059305,72281,514,10.51124744,120424.044798465,469051409.428948
258,53033029303,44774,Tract 029303,4914,3,4,4,11,3.66666667,7423,836,11.26229287,72448,4120,55.50316584,26552.3733307244,38853287.7118182
259,53033027702,45343,Tract 027702,4889,1,3,1,5,1.66666667,4745,16,0.33719705,86379,277,5.83772392,207902.121221894,541213100.705784
260,53033029305,32062,Tract 029305,4916,3,3,4,10,3.33333333,4215,668,15.84816133,95714,2149,50.98457888,22943.7077032942,31210784.012851
261,53033029306,32086,Tract 029306,4917,2,3,3,8,2.66666667,3443,322,9.35230903,84837,1585,46.03543421,20992.1917966587,27509793.4547395
262,53033029307,44970,Tract 029307,4918,3,3,2,8,2.66666667,4219,469,11.11637829,95337,1479,35.0557004,26347.7487943488,41663223.4441574
263,53033029403,44000,Tract 029403,4919,4,4,5,13,4.33333333,5746,1337,23.2683606,75613,3637,63.29620606,20935.577152155,25923645.7184968
264,53033029405,32255,Tract 029405,4920,3,3,3,9,3,5706,904,15.84297231,93647,2520,44.16403785,21074.1755664892,26826067.9691187
265,53033029406,44985,Tract 029406,4921,4,3,4,11,3.66666667,5222,922,17.65607047,87724,3130,59.9387208,22017.9871754356,29168757.2582646
266,53033029407,32344,Tract 029407,4922,4,5,4,13,4.33333333,4697,973,20.71535022,47656,2412,51.35192676,19144.3244365208,14601955.418374
267,53033028500,44984,Tract 028500,4898,2,4,4,10,3.33333333,3999,371,9.27731933,62436,2109,52.73818455,34231.0044141666,37782506.8016728
268,53033029001,44665,Tract 029001,4905,2,4,2,8,2.66666667,4710,280,5.9447983,70677,1527,32.42038217,26075.1625652532,27458633.6679353
269,53033029003,31409,Tract 029003,4906,3,5,4,12,4,5700,883,15.49122807,56140,3248,56.98245614,33369.347477416,27696707.0558207
270,53033029004,43788,Tract 029004,4907,4,5,5,14,4.66666667,3938,952,24.17470797,37018,2750,69.83240223,31421.2031079258,19668116.8296901
271,53033029101,45297,Tract 029101,4908,3,3,4,10,3.33333333,3288,368,11.19221411,83750,1841,55.99148418,38747.7394850375,37910353.8035076
272,53033029102,44966,Tract 029102,4909,3,4,4,11,3.66666667,4358,428,9.82101882,82500,2289,52.52409362,25496.136834019,27850667.5626219
273,53033029203,43974,Tract 029203,4910,3,5,4,12,4,4198,517,12.31538828,39929,2590,61.69604574,28605.3505228,21620879.0654706
274,53033029204,43940,Tract 029204,4911,3,4,4,11,3.66666667,7229,840,11.61986443,63786,3979,55.04219117,31475.7029038429,45591082.3263685
275,53033029205,44904,Tract 029205,4912,4,4,4,12,4,4549,834,18.33369971,63113,2392,52.58298527,29965.9731325457,20588546.3418822
276,53033029206,44864,Tract 029206,4913,3,5,5,13,4.33333333,4396,723,16.44676979,30281,2974,67.65241128,71413.2512018159,187486273.744508
277,53033029304,44900,Tract 029304,4915,3,3,3,9,3,5082,538,10.58638331,92775,2388,46.98937426,27020.6690834741,44807265.0498904
278,53033028600,44753,Tract 028600,4899,1,3,1,5,1.66666667,6360,81,1.27358491,92762,860,13.52201258,48231.232205578,68038437.0240783
279,53033028700,31020,Tract 028700,4900,2,4,2,8,2.66666667,5084,326,6.4122738,78591,1634,32.14004721,23285.6199379372,28796195.2000847
280,53033028801,44392,Tract 028801,4901,3,4,4,11,3.66666667,3032,466,15.36939314,67500,1535,50.62664908,32920.2586264698,56014154.5708673
281,53033028802,45350,Tract 028802,4902,4,5,5,14,4.66666667,6954,1236,17.77394305,47117,5004,71.95858499,28737.3659903122,30478337.5828867
282,53033028901,45179,Tract 028901,4903,3,4,2,9,3,3186,331,10.38920276,65455,1012,31.76396736,31434.42796423,24888815.8014093
283,53033028902,31289,Tract 028902,4904,4,5,5,14,4.66666667,7163,1774,24.76615943,46927,5049,70.48722602,24133.9500184644,22197924.2421499
284,53033029503,44901,Tract 029503,4925,5,5,5,15,5,8546,2635,30.83313831,41181,5551,64.95436462,29865.3422240583,25433511.462536
285,53033029504,44211,Tract 029504,4926,4,5,5,14,4.66666667,5970,1045,17.5041876,46565,3792,63.51758794,18236.1915951597,20273670.684366
286,53033029601,44324,Tract 029601,4927,4,4,4,12,4,6914,1252,18.10818629,73220,3971,57.4341915,30657.3018025829,43286103.3339845
287,53033029602,45802,Tract 029602,4928,3,2,2,7,2.33333333,6298,778,12.35312798,114668,2222,35.2810416,42384.8345921346,71707216.0087868
288,53033029408,44771,Tract 029408,4923,4,5,5,14,4.66666667,4109,940,22.87661231,47933,2670,64.9793137,20393.0538279409,13371353.032149
289,53033029502,44998,Tract 029502,4924,3,4,4,11,3.66666667,7671,1169,15.23921262,78621,3997,52.10533177,29415.6653594693,46784745.0209577
290,53033029700,45801,Tract 029700,4929,4,5,3,12,4,8051,1504,18.6809092,50611,3047,37.84623028,62200.9257457971,122568381.367378
291,53033029801,45023,Tract 029801,4930,3,4,4,11,3.66666667,9466,1094,11.55715191,60339,4718,49.84153814,49540.2389997706,86051088.8737861
292,53033029802,44228,Tract 029802,4931,2,3,3,8,2.66666667,9297,631,6.78713564,87574,4229,45.48779176,41233.6425560632,75691289.0843243
293,53033029901,33084,Tract 029901,4932,3,4,2,9,3,4610,527,11.43167028,82188,1541,33.42733189,27048.6621538314,43765194.7585901
294,53033029902,43644,Tract 029902,4933,2,3,3,8,2.66666667,4092,375,9.16422287,86286,1530,37.39002933,41101.1275035623,67829644.1204964
295,53033030003,45028,Tract 030003,4934,3,4,4,11,3.66666667,6295,631,10.02382844,70783,3114,49.46783161,40869.141276324,48997377.5100907
296,53033030004,45298,Tract 030004,4935,4,5,5,14,4.66666667,8302,1489,17.93543724,46425,5714,68.82678873,18776.3958708044,21939705.2167096
297,53033030005,44873,Tract 030005,4936,3,5,5,13,4.33333333,5632,832,14.77272727,54330,3926,69.70880682,20698.7821345781,23404692.5528328
298,53033030006,44504,Tract 030006,4937,5,5,5,15,5,4109,1230,29.93429058,38875,2772,67.46166951,18727.1948035315,23128554.1974268
299,53033030304,45302,Tract 030304,4941,2,4,3,9,3,3644,347,9.52250274,83250,1694,46.48737651,44291.6483147298,79594564.6341006
300,53033030305,45804,Tract 030305,4942,2,4,3,9,3,5250,414,7.88571429,65781,2062,39.27619048,31185.1748334355,41046515.864765
301,53033030100,45027,Tract 030100,4938,2,3,2,7,2.33333333,7934,593,7.47416184,88750,2426,30.57726241,44584.755772175,62661813.2297293
302,53033030201,44451,Tract 030201,4939,3,4,4,11,3.66666667,5676,610,10.74700493,63009,2732,48.13248767,22818.0639881899,30911151.9124019
303,53033030202,44233,Tract 030202,4940,2,5,4,11,3.66666667,6625,477,7.2,55140,3333,50.30943396,25918.3084361749,35222157.6929703
304,53033030504,45765,Tract 030504,4956,3,5,3,11,3.66666667,4396,462,10.50955414,56080,1604,36.48771611,19016.1189725148,16868772.3514445
305,53033030600,45194,Tract 030600,4957,2,4,3,9,3,5874,333,5.66905005,60993,2665,45.36942458,37717.5759453654,37129795.8026312
306,53033030306,45807,Tract 030306,4943,2,3,3,8,2.66666667,5803,333,5.73841117,100586,2398,41.32345339,35300.5458734151,40319442.3731353
307,53033030308,44956,Tract 030308,4944,3,4,4,11,3.66666667,6575,736,11.19391635,72796,3547,53.94676806,20264.8242521457,23188017.0522108
308,53033031100,45817,Tract 031100,4964,2,5,3,10,3.33333333,6744,582,8.62989324,57662,2826,41.90391459,45821.8130747494,80281040.8901031
309,53033031202,45820,Tract 031202,4965,1,3,2,6,2,6300,82,1.3015873,86133,1697,26.93650794,157153.07893663,727091365.747905
310,53033030311,44660,Tract 030311,4947,3,3,4,10,3.33333333,5577,771,13.8246369,84200,3106,55.69302492,21015.1671394953,20500891.7280738
311,53033030312,42818,Tract 030312,4948,3,5,3,11,3.66666667,5008,537,10.72284345,56650,2332,46.56549521,21558.6487948075,19895370.598889
312,53033030313,43197,Tract 030313,4949,3,5,4,12,4,3747,429,11.44915933,47056,2185,58.31331732,33729.9121178654,43083866.7914194
313,53033030314,45013,Tract 030314,4950,3,5,4,12,4,4340,576,13.2718894,44828,2442,56.26728111,20472.8269093491,26954077.0488571
314,53033030401,45014,Tract 030401,4951,3,4,3,10,3.33333333,9736,996,10.23007395,64208,4101,42.12202136,52710.298644162,134421067.140576
315,53033030403,34316,Tract 030403,4952,2,4,2,8,2.66666667,4495,323,7.18576196,78327,1510,33.59288098,32581.7400093788,41706570.7318726
316,53033030309,33855,Tract 030309,4945,3,4,4,11,3.66666667,5793,620,10.70257207,64701,3091,53.35750043,25113.7479102658,23913611.5720193
317,53033030310,44364,Tract 030310,4946,3,4,4,11,3.66666667,6206,876,14.11537222,77500,3270,52.69094425,24509.3416288643,34506616.2539406
318,53033030404,34397,Tract 030404,4953,1,3,1,5,1.66666667,4930,151,3.06288032,93512,942,19.10750507,39858.9832284971,66881065.6692742
319,53033030501,43725,Tract 030501,4954,2,5,3,10,3.33333333,1762,151,8.56980704,25396,632,35.86833144,53137.8283895457,122649441.454976
320,53033030503,45764,Tract 030503,4955,3,5,3,11,3.66666667,5942,729,12.26859643,56386,2679,45.08582969,30854.0927954392,35800771.0579341
321,53033030901,45358,Tract 030901,4961,3,4,3,10,3.33333333,3610,486,13.46260388,61141,1339,37.09141274,30097.076869005,33716278.8692993
322,53033030902,35047,Tract 030902,4962,2,5,3,10,3.33333333,6308,550,8.71908687,54183,2995,47.47939125,32241.859292274,42529056.5120891
323,53033031000,45815,Tract 031000,4963,1,3,1,5,1.66666667,3944,137,3.47363083,103125,806,20.43610548,56541.7808844202,137892445.312719
324,53033030700,34784,Tract 030700,4958,3,5,3,11,3.66666667,3916,426,10.8784474,45505,1446,36.92543412,17691.5362848817,16811850.0266871
325,53033030801,45812,Tract 030801,4959,4,5,4,13,4.33333333,7126,1372,19.25343811,39615,4106,57.61998316,56037.458595935,75511704.8095303
326,53033030802,34902,Tract 030802,4960,3,5,4,12,4,3894,582,14.94607088,51285,1927,49.48638932,18833.0124461359,14784857.0213705
327,53033031204,45836,Tract 031204,4966,1,3,1,5,1.66666667,6169,122,1.97763009,86958,1047,16.97195656,101331.086462238,403299731.862005
328,53033031205,45763,Tract 031205,4967,2,4,3,9,3,6892,474,6.87753918,74127,2892,41.96169472,54961.9862788068,63460426.3265767
329,53033031206,44262,Tract 031206,4968,3,4,3,10,3.33333333,5327,793,14.88642763,70361,2261,42.44415243,35922.4905903862,39920543.5904298
330,53033031301,45818,Tract 031301,4969,2,4,1,7,2.33333333,2922,183,6.26283368,72321,667,22.82683094,104452.713636198,358049098.05801
331,53033031703,44696,Tract 031703,4978,3,3,2,8,2.66666667,7137,749,10.49460558,87012,2454,34.38419504,40256.7139366116,83780310.8298803
332,53033031302,45682,Tract 031302,4970,1,5,1,7,2.33333333,3927,26,0.66208302,51707,484,12.32492997,56086.6222530655,118466662.443268
333,53033031400,45198,Tract 031400,4971,2,5,2,9,3,6057,541,8.93181443,56651,1499,24.74822519,38201.1430800779,68690180.6139913
334,53033031501,45634,Tract 031501,4972,2,3,1,6,2,3860,196,5.07772021,86555,592,15.33678756,288499.655321577,1780800363.18856
335,53033031502,45683,Tract 031502,4973,1,4,1,6,2,4320,46,1.06481481,83103,514,11.89814815,738819.653843203,11121275342.0477
336,53033032006,45311,Tract 032006,4992,1,3,1,5,1.66666667,5393,95,1.76154274,89495,807,14.96384202,45841.0920908359,83292309.4694679
337,53033032007,45699,Tract 032007,4993,1,2,1,4,1.33333333,3616,17,0.47013274,108625,654,18.08628319,79184.7890885867,126521720.015398
338,53033031601,45307,Tract 031601,4974,1,3,1,5,1.66666667,5567,145,2.60463445,106630,1035,18.5917011,66463.440838031,161503709.269767
339,53033031603,45838,Tract 031603,4975,1,3,1,5,1.66666667,6305,161,2.55352895,90536,1348,21.37985726,156514.95623646,618644102.5449
340,53033031604,36346,Tract 031604,4976,1,3,2,6,2,5549,149,2.6851685,95771,1432,25.80645161,30026.8190091155,44759647.6483964
341,53033031605,45057,Tract 031605,4977,1,3,1,5,1.66666667,3867,115,2.97388156,98359,810,20.94647013,72505.9932757064,183424900.650668
342,53033031909,45044,Tract 031909,4988,1,3,2,6,2,2919,78,2.672148,98068,759,26.0020555,39933.724730548,20363811.7993313
343,53033031704,44657,Tract 031704,4979,3,3,4,10,3.33333333,5459,614,11.24748122,93631,2626,48.10404836,37342.7533911209,61974236.1450933
344,53033031705,44977,Tract 031705,4980,1,2,2,5,1.66666667,4133,179,4.33099444,108125,1341,32.44616501,34389.6084399855,54404915.1319079
345,53033031904,45740,Tract 031904,4984,1,3,1,5,1.66666667,3358,105,3.12686123,94805,485,14.44312091,72766.8802480037,206597075.360066
346,53033031906,45162,Tract 031906,4985,2,2,2,6,2,3875,303,7.81935484,109375,935,24.12903226,58438.9121643081,121746092.544922
347,53033031907,42912,Tract 031907,4986,2,3,3,8,2.66666667,7787,737,9.4644921,96826,3432,44.07345576,51910.7227941685,59826402.6316044
348,53033031908,44473,Tract 031908,4987,3,4,3,10,3.33333333,4439,534,12.02973643,70071,1898,42.75737779,25870.7357334136,19524748.067787
349,53033032002,44715,Tract 032002,4989,1,3,1,5,1.66666667,3304,10,0.30266344,96750,379,11.47094431,101268.709453779,300651843.896283
350,53033032003,45603,Tract 032003,4990,1,3,1,5,1.66666667,5273,45,0.85340413,96714,479,9.0840129,210440.168737277,1314644183.19626
351,53033032005,45310,Tract 032005,4991,2,3,1,6,2,7361,470,6.38500204,95457,1519,20.63578318,45820.0302131382,68703219.872228
352,53033032008,45238,Tract 032008,4994,1,3,1,5,1.66666667,4710,120,2.5477707,92284,955,20.27600849,29062.0570321474,25550182.2408021
353,53033032010,45312,Tract 032010,4995,1,2,1,4,1.33333333,5810,36,0.61962134,112780,952,16.38554217,46623.9642635675,51973242.1012263
354,53033031706,36727,Tract 031706,4981,2,4,3,9,3,7370,387,5.25101764,82016,2728,37.01492537,29502.741149117,44970595.174301
355,53033031800,45309,Tract 031800,4982,1,2,2,5,1.66666667,4625,198,4.28108108,108705,1189,25.70810811,91201.6920099149,303537762.223953
356,53033031903,45736,Tract 031903,4983,1,3,2,6,2,6767,280,4.13772721,94844,1842,27.22033397,62737.0329985204,126523306.291814
357,53033032104,45244,Tract 032104,4999,1,3,2,6,2,6274,221,3.5224737,100000,1616,25.75709276,71531.4660795612,242024487.358753
358,53033032203,44964,Tract 032203,5000,2,1,2,5,1.66666667,7919,723,9.12994065,147200,2734,34.52456118,57281.0607641756,107847390.136294
359,53033032207,45121,Tract 032207,5001,1,1,1,3,1,3701,91,2.45879492,159861,863,23.31802216,46805.7053389483,52767306.3399349
360,53033032208,45313,Tract 032208,5002,1,3,2,6,2,9749,337,3.4567648,91574,2961,30.37234588,67622.6683103829,118616115.732014
361,53033032210,45250,Tract 032210,5003,2,2,3,7,2.33333333,13671,677,4.95208836,127500,6043,44.20305757,109361.660052697,450124098.383618
362,53033032211,44818,Tract 032211,5004,2,2,3,7,2.33333333,5009,473,9.4430026,137188,2026,40.44719505,30702.3588108289,32028385.3717019
363,53033032212,45022,Tract 032212,5005,2,2,3,7,2.33333333,8240,780,9.46601942,134318,3607,43.77427184,28799.2342599773,36754805.2430557
364,53033032213,38980,Tract 032213,5006,2,1,2,5,1.66666667,4538,294,6.47862494,152460,1169,25.7602468,31593.2775940686,47488474.2049219
365,53033032011,45698,Tract 032011,4996,1,2,1,4,1.33333333,4307,81,1.88065939,111227,704,16.3454841,28344.4988360527,39250783.8511333
366,53033032102,45739,Tract 032102,4997,1,3,1,5,1.66666667,5019,120,2.39091452,101450,311,6.19645348,138408.776466047,849175239.690213
367,53033032325,43777,Tract 032325,5023,2,2,4,8,2.66666667,5823,365,6.26824661,108688,2939,50.47226516,26706.8799462271,23818584.838395
368,53033032103,44843,Tract 032103,4998,2,4,2,8,2.66666667,4915,280,5.69684639,70500,1169,23.78433367,50376.2802455742,43535154.9956197
369,53033032316,44579,Tract 032316,5014,1,1,2,4,1.33333333,5512,249,4.51741655,158936,1631,29.58998549,64499.8309475255,66278817.9512184
370,53033032317,39825,Tract 032317,5015,2,1,1,4,1.33333333,6211,389,6.26308163,162532,1173,18.88584769,34244.8955116001,47604515.769046
371,53033032318,45087,Tract 032318,5016,2,1,3,6,2,6176,370,5.99093264,167639,2747,44.47862694,47064.9884225355,79156555.1074645
372,53033032319,45373,Tract 032319,5017,1,4,1,6,2,5696,30,0.52668539,79242,979,17.1875,49617.9373229922,73864362.2947135
373,53033032320,44192,Tract 032320,5018,1,1,1,3,1,4598,97,2.10961288,168977,616,13.39712919,59613.1587730523,104083058.570672
374,53033032321,44807,Tract 032321,5019,2,1,3,6,2,5780,333,5.76124567,209313,2306,39.89619377,62037.5148779773,136132063.716678
375,53033032322,40213,Tract 032322,5020,2,1,1,4,1.33333333,3616,215,5.94579646,166172,731,20.21570796,35526.8890672537,50106015.4552534
376,53033032323,42551,Tract 032323,5021,1,2,2,5,1.66666667,5867,211,3.59638657,131970,1957,33.35605931,26688.4142057496,35432933.6653849
377,53033032214,43009,Tract 032214,5007,2,1,3,6,2,6415,315,4.91036633,166351,2963,46.18862042,39180.5146183362,73083588.9645621
378,53033032215,45251,Tract 032215,5008,2,1,3,6,2,5197,434,8.35097171,203900,2302,44.29478545,74849.2049508691,171878388.610609
379,53033032307,45315,Tract 032307,5009,1,2,1,4,1.33333333,6567,153,2.32983097,128942,950,14.46627075,61523.2155413005,128370194.334006
380,53033032309,45106,Tract 032309,5010,3,2,3,8,2.66666667,7459,774,10.3767261,115273,3532,47.35219198,44504.2351819124,66294989.4900964
381,53033032324,44889,Tract 032324,5022,3,3,3,9,3,5436,883,16.24356144,99917,2249,41.3723326,25352.5319172779,22047183.7852224
382,53033032311,45369,Tract 032311,5011,1,2,1,4,1.33333333,6192,155,2.50322997,128086,1121,18.10400517,83364.5355654884,254106150.438257
383,53033032313,45039,Tract 032313,5012,4,3,5,12,4,6606,1219,18.45292159,101850,4226,63.97214653,63952.4475102185,140972131.902369
384,53033032315,45370,Tract 032315,5013,1,2,1,4,1.33333333,5484,151,2.75346462,135993,828,15.09846827,127042.09545578,493022238.430623
385,53033032328,44138,Tract 032328,5026,1,2,1,4,1.33333333,3476,80,2.30149597,135588,778,22.38204833,52426.4806146063,91503530.6877346
386,53033032329,43840,Tract 032329,5027,2,1,4,7,2.33333333,9212,625,6.78462875,143375,4846,52.60529744,47565.2747350469,103928402.724538
387,53033032401,45382,Tract 032401,5028,1,2,1,4,1.33333333,6302,268,4.25261822,116125,533,8.4576325,148343.166819553,615741603.573283
388,53033032402,45718,Tract 032402,5029,1,2,1,4,1.33333333,6518,62,0.95121203,120809,981,15.05062903,101025.229029758,278104011.120193
389,53033032500,45722,Tract 032500,5030,1,3,1,5,1.66666667,5483,85,1.55024622,101366,749,13.66040489,335800.208419108,2345859744.53837
390,53033032601,45724,Tract 032601,5031,1,3,1,5,1.66666667,2792,27,0.96704871,103056,304,10.88825215,175795.564500834,666962980.02169
391,53033032602,45728,Tract 032602,5032,1,1,1,3,1,13392,225,1.68010753,143262,2920,21.80406213,93622.8039138903,331859609.767325
392,53033032702,45586,Tract 032702,5033,1,3,1,5,1.66666667,6638,92,1.38595963,101344,657,9.89755951,588019.039030456,5646741899.41685
393,53033032703,45410,Tract 032703,5034,1,3,1,5,1.66666667,2376,100,4.20875421,90208,329,13.84680135,79531.0625706143,111786642.098329
394,53033032704,45574,Tract 032704,5035,1,3,1,5,1.66666667,6641,173,2.60502936,96500,1276,19.2139738,113088.821282684,189547190.900474
395,53033032800,45729,Tract 032800,5036,1,3,1,5,1.66666667,2351,8,0.34028073,91806,144,6.12505317,704550.242960333,15258321253.3293
396,53033032326,44834,Tract 032326,5024,2,1,2,5,1.66666667,4122,316,7.66618147,157375,987,23.94468705,73881.8859577209,112847584.688357
397,53033032327,44641,Tract 032327,5025,1,3,1,5,1.66666667,4066,89,2.18888342,100455,510,12.54303984,69224.6178608096,175212772.618162
